<?xml version="1.0" encoding="UTF-8"?>
<beans xmlns="http://www.springframework.org/schema/beans"
    xmlns:xsi="http://www.w3.org/2001/XMLSchema-instance"
    xmlns:aop="http://www.springframework.org/schema/aop"
    xsi:schemaLocation="http://www.springframework.org/schema/beans
    http://www.springframework.org/schema/beans/spring-beans-4.0.xsd">
  
  <!--   <bean id="currencyList" class="list.CurrencyListImpl">
    <property name="currList">
    <list>
    <value>stefan</value>z a
    <value>damon</value>
    <value>caroline</value>
    <value>kathreine</value>
    <value>roshni</value>
  
  
    </list>
  
    </property>
  
    </bean>
    -->
       <bean id="user" class="com.cg.list.User">
    <property name="userName">
    <value>${userName}</value>
    </property>
        <property name="password">
     <value>${password}
        </value>
    </property>
 
    </bean>
     <bean class="org.springframework.beans.factory.config.PropertyPlaceholderConfigurer">
 <property name="location">
 <value>user.properties</value>
 </property>
   </bean>

  
    </beans>